Customer_ID,Age,Gender,City,Monthly_Income,Spending_Score,Purchase_Amount,Product_Category,Purchase_Date
1,56,Male,Delhi,112573,48,15924,Clothing,2024-01-01
2,46,Female,Delhi,29557,73,48607,Sports,2024-01-02
3,32,Female,Delhi,94971,72,45717,Sports,2024-01-03
4,60,Female,Delhi,123302,45,11626,Sports,2024-01-04
5,25,Male,Hyderabad,20162,81,35761,Groceries,2024-01-05
6,38,Male,Chennai,54742,81,1869,Sports,2024-01-06
7,56,Male,Mumbai,39675,97,32552,Sports,2024-01-07
8,36,Male,Bangalore,93997,96,2014,Sports,2024-01-08
9,40,Male,Hyderabad,37015,72,11103,Electronics,2024-01-09
10,28,Male,Mumbai,70057,19,17986,Groceries,2024-01-10
11,28,Male,Hyderabad,52591,63,45781,Clothing,2024-01-11
12,41,Male,Hyderabad,113583,38,31471,Electronics,2024-01-12
13,53,Female,Bangalore,146133,67,34458,Furniture,2024-01-13
14,57,Female,Chennai,120318,59,26069,Groceries,2024-01-14
15,41,Male,Delhi,29833,69,17873,Groceries,2024-01-15
16,20,Male,Chennai,27896,13,24248,Furniture,2024-01-16
17,39,Female,Bangalore,52972,47,24624,Furniture,2024-01-17
18,19,Male,Bangalore,69733,61,44516,Furniture,2024-01-18
19,41,Male,Bangalore,140363,31,30061,Clothing,2024-01-19
20,61,Male,Mumbai,61800,80,25170,Sports,2024-01-20
21,47,Female,Chennai,116044,96,9024,Groceries,2024-01-21
22,55,Female,Chennai,25347,22,17678,Sports,2024-01-22
23,19,Female,Hyderabad,79063,93,39256,Sports,2024-01-23
24,38,Female,Hyderabad,115850,86,21411,Furniture,2024-01-24
25,50,Female,Hyderabad,22643,43,44803,Clothing,2024-01-25
26,29,Male,Bangalore,60785,67,20296,Electronics,2024-01-26
27,39,Female,Chennai,38681,54,27293,Clothing,2024-01-27
28,61,Male,Bangalore,70026,10,28172,Sports,2024-01-28
29,42,Male,Mumbai,123864,42,22128,Clothing,2024-01-29
30,44,Female,Hyderabad,35892,64,19257,Furniture,2024-01-30
31,59,Female,Bangalore,67299,21,13855,Electronics,2024-01-31
32,45,Male,Bangalore,37073,80,20642,Furniture,2024-02-01
33,33,Male,Mumbai,122304,76,36585,Electronics,2024-02-02
34,32,Male,Delhi,50682,66,21025,Sports,2024-02-03
35,64,Female,Chennai,117798,41,5458,Electronics,2024-02-04
36,61,Female,Delhi,146021,24,6307,Electronics,2024-02-05
37,20,Female,Hyderabad,116894,35,42701,Electronics,2024-02-06
38,54,Female,Bangalore,144302,56,19425,Clothing,2024-02-07
39,24,Female,Mumbai,34289,30,44427,Clothing,2024-02-08
40,38,Male,Mumbai,135359,57,29273,Sports,2024-02-09
41,26,Female,Chennai,27927,94,39506,Electronics,2024-02-10
42,56,Male,Delhi,68330,47,6668,Groceries,2024-02-11
43,35,Male,Chennai,86707,35,26934,Sports,2024-02-12
44,21,Male,Bangalore,140279,19,48195,Electronics,2024-02-13
45,42,Female,Chennai,97454,8,8697,Electronics,2024-02-14
46,31,Female,Mumbai,127439,26,25417,Clothing,2024-02-15
47,26,Female,Mumbai,124646,71,17446,Sports,2024-02-16
48,43,Male,Hyderabad,85428,30,41597,Electronics,2024-02-17
49,19,Male,Hyderabad,70601,7,11751,Electronics,2024-02-18
50,37,Male,Bangalore,97465,67,47218,Sports,2024-02-19
51,45,Male,Delhi,22539,65,8352,Groceries,2024-02-20
52,64,Male,Chennai,122263,36,14516,Sports,2024-02-21
53,24,Male,Bangalore,131487,25,24299,Sports,2024-02-22
54,61,Female,Hyderabad,42669,37,32957,Groceries,2024-02-23
55,25,Female,Chennai,90968,1,29927,Sports,2024-02-24
56,64,Female,Hyderabad,40644,15,42094,Electronics,2024-02-25
57,52,Female,Chennai,38745,37,37412,Sports,2024-02-26
58,31,Male,Delhi,140852,13,30493,Groceries,2024-02-27
59,34,Male,Bangalore,148081,8,27711,Furniture,2024-02-28
60,53,Female,Chennai,48228,5,9003,Sports,2024-02-29
61,57,Male,Mumbai,138358,60,32707,Clothing,2024-03-01
62,21,Female,Mumbai,54521,73,4278,Electronics,2024-03-02
63,19,Female,Chennai,142788,1,8296,Electronics,2024-03-03
64,23,Female,Chennai,117239,36,26398,Clothing,2024-03-04
65,59,Male,Chennai,46928,35,36842,Clothing,2024-03-05
66,21,Female,Mumbai,38322,66,14261,Sports,2024-03-06
67,46,Female,Mumbai,77714,63,12173,Clothing,2024-03-07
68,35,Female,Chennai,107896,23,31449,Furniture,2024-03-08
69,43,Male,Hyderabad,82292,9,42080,Groceries,2024-03-09
70,61,Male,Hyderabad,49055,34,2637,Clothing,2024-03-10
71,51,Female,Delhi,62891,46,32781,Clothing,2024-03-11
72,27,Male,Bangalore,101912,78,14652,Furniture,2024-03-12
73,53,Male,Hyderabad,26588,4,6103,Electronics,2024-03-13
74,31,Male,Mumbai,110536,30,26500,Electronics,2024-03-14
75,48,Male,Hyderabad,26304,95,35800,Sports,2024-03-15
76,32,Male,Delhi,27345,75,36529,Furniture,2024-03-16
77,25,Male,Delhi,49300,99,48963,Groceries,2024-03-17
78,31,Male,Bangalore,44259,72,19452,Groceries,2024-03-18
79,40,Male,Hyderabad,111006,3,32174,Furniture,2024-03-19
80,57,Male,Mumbai,108553,14,36436,Groceries,2024-03-20
81,38,Male,Mumbai,35352,60,48406,Electronics,2024-03-21
82,33,Female,Chennai,149350,77,16954,Groceries,2024-03-22
83,62,Female,Mumbai,53365,45,18186,Groceries,2024-03-23
84,35,Male,Bangalore,39446,96,13356,Furniture,2024-03-24
85,64,Female,Bangalore,22336,34,33963,Furniture,2024-03-25
86,41,Female,Mumbai,82032,45,3187,Groceries,2024-03-26
87,43,Male,Mumbai,95415,61,12707,Clothing,2024-03-27
88,42,Male,Chennai,117852,83,36098,Furniture,2024-03-28
89,62,Male,Mumbai,118876,16,27935,Sports,2024-03-29
90,58,Female,Chennai,27521,66,22225,Sports,2024-03-30
91,46,Female,Chennai,91707,40,4606,Electronics,2024-03-31
92,32,Male,Mumbai,43481,17,33828,Groceries,2024-04-01
93,62,Male,Delhi,38474,34,27489,Clothing,2024-04-02
94,18,Male,Delhi,66760,16,15387,Electronics,2024-04-03
95,42,Female,Chennai,75718,60,4927,Groceries,2024-04-04
96,24,Female,Mumbai,64629,66,7296,Furniture,2024-04-05
97,26,Female,Delhi,65232,66,31444,Sports,2024-04-06
98,41,Female,Mumbai,106544,90,47390,Clothing,2024-04-07
99,18,Male,Mumbai,87169,13,47893,Sports,2024-04-08
100,61,Male,Mumbai,147941,56,3591,Furniture,2024-04-09
101,25,Male,Hyderabad,70669,31,45895,Groceries,2024-04-10
102,41,Male,Mumbai,98021,34,49516,Furniture,2024-04-11
103,28,Female,Hyderabad,129153,39,27147,Furniture,2024-04-12
104,34,Female,Chennai,89184,67,39889,Sports,2024-04-13
105,25,Male,Delhi,67945,8,2200,Clothing,2024-04-14
106,52,Male,Delhi,33140,87,16721,Furniture,2024-04-15
107,52,Female,Delhi,146468,78,20238,Sports,2024-04-16
108,50,Male,Delhi,103457,55,12087,Clothing,2024-04-17
109,22,Female,Delhi,34357,27,31816,Groceries,2024-04-18
110,59,Male,Delhi,131672,93,24408,Groceries,2024-04-19
111,56,Male,Delhi,88673,53,40740,Electronics,2024-04-20
112,58,Male,Chennai,141673,39,1136,Sports,2024-04-21
113,45,Male,Mumbai,85633,65,18413,Clothing,2024-04-22
114,24,Male,Bangalore,96943,17,49114,Furniture,2024-04-23
115,26,Male,Hyderabad,116111,30,19978,Groceries,2024-04-24
116,25,Male,Bangalore,98258,53,1661,Clothing,2024-04-25
117,29,Female,Bangalore,32924,13,36240,Sports,2024-04-26
118,51,Female,Mumbai,89286,21,28253,Electronics,2024-04-27
119,50,Female,Mumbai,113269,19,27884,Groceries,2024-04-28
120,40,Female,Mumbai,147563,53,33854,Clothing,2024-04-29
121,41,Female,Delhi,94071,19,11704,Clothing,2024-04-30
122,54,Male,Chennai,77326,57,39987,Clothing,2024-05-01
123,52,Male,Delhi,110023,25,25527,Sports,2024-05-02
124,61,Female,Chennai,140101,86,17322,Sports,2024-05-03
125,57,Male,Chennai,50651,31,48517,Sports,2024-05-04
126,39,Female,Bangalore,90202,81,7968,Furniture,2024-05-05
127,44,Female,Bangalore,68777,55,28518,Clothing,2024-05-06
128,52,Male,Chennai,36994,23,47364,Groceries,2024-05-07
129,18,Male,Chennai,87263,32,28886,Sports,2024-05-08
130,52,Male,Delhi,79634,62,2700,Sports,2024-05-09
131,54,Female,Delhi,120158,74,29246,Clothing,2024-05-10
132,64,Male,Bangalore,30800,10,36468,Sports,2024-05-11
133,31,Female,Mumbai,57823,100,24199,Furniture,2024-05-12
134,20,Female,Chennai,128575,72,45589,Furniture,2024-05-13
135,18,Female,Delhi,83878,54,33115,Sports,2024-05-14
136,22,Male,Bangalore,38708,52,6520,Clothing,2024-05-15
137,43,Male,Delhi,32819,20,45278,Clothing,2024-05-16
138,31,Female,Chennai,94905,32,37455,Clothing,2024-05-17
139,56,Male,Chennai,83870,14,21929,Electronics,2024-05-18
140,44,Male,Hyderabad,29283,50,42605,Sports,2024-05-19
141,26,Male,Mumbai,50573,28,15955,Clothing,2024-05-20
142,32,Female,Hyderabad,98707,53,45049,Furniture,2024-05-21
143,32,Female,Bangalore,50933,24,14917,Groceries,2024-05-22
144,43,Male,Delhi,25774,79,5757,Groceries,2024-05-23
145,59,Female,Bangalore,92055,22,14045,Clothing,2024-05-24
146,30,Male,Chennai,30983,30,42680,Groceries,2024-05-25
147,49,Male,Hyderabad,116468,63,5733,Groceries,2024-05-26
148,56,Male,Hyderabad,116334,4,31954,Electronics,2024-05-27
149,49,Male,Hyderabad,38133,77,32135,Furniture,2024-05-28
150,21,Female,Bangalore,145555,59,8081,Furniture,2024-05-29
151,47,Female,Chennai,34939,87,42458,Electronics,2024-05-30
152,54,Female,Delhi,20781,8,24501,Electronics,2024-05-31
153,40,Male,Delhi,134586,82,22113,Groceries,2024-06-01
154,56,Male,Bangalore,76700,12,35441,Sports,2024-06-02
155,62,Male,Hyderabad,47624,31,48086,Groceries,2024-06-03
156,32,Female,Mumbai,26823,78,25690,Electronics,2024-06-04
157,60,Male,Bangalore,38489,34,44939,Furniture,2024-06-05
158,46,Female,Bangalore,138555,82,30345,Groceries,2024-06-06
159,53,Female,Chennai,59961,98,47313,Sports,2024-06-07
160,30,Female,Delhi,139664,75,45571,Groceries,2024-06-08
161,49,Female,Bangalore,49118,76,27829,Clothing,2024-06-09
162,24,Female,Bangalore,120417,49,36062,Groceries,2024-06-10
163,39,Female,Hyderabad,101816,79,4630,Electronics,2024-06-11
164,45,Male,Hyderabad,42263,57,48861,Furniture,2024-06-12
165,19,Male,Mumbai,33565,95,32870,Furniture,2024-06-13
166,59,Female,Chennai,40354,93,48221,Electronics,2024-06-14
167,62,Female,Mumbai,62951,26,45942,Clothing,2024-06-15
168,23,Male,Hyderabad,111179,18,4453,Electronics,2024-06-16
169,45,Female,Delhi,43648,96,38275,Groceries,2024-06-17
170,45,Female,Hyderabad,70729,86,44370,Electronics,2024-06-18
171,61,Male,Chennai,61971,38,39396,Electronics,2024-06-19
172,61,Female,Hyderabad,38658,81,9328,Clothing,2024-06-20
173,37,Female,Chennai,41253,87,16534,Groceries,2024-06-21
174,47,Female,Chennai,84166,88,20744,Sports,2024-06-22
175,28,Male,Chennai,68563,50,20389,Sports,2024-06-23
176,45,Male,Chennai,46390,8,37320,Furniture,2024-06-24
177,42,Male,Chennai,108664,41,36010,Electronics,2024-06-25
178,56,Female,Delhi,71578,6,15665,Furniture,2024-06-26
179,50,Female,Mumbai,99025,69,38865,Clothing,2024-06-27
180,18,Male,Bangalore,123850,44,9640,Sports,2024-06-28
181,44,Female,Mumbai,52658,64,35716,Electronics,2024-06-29
182,30,Female,Chennai,26852,29,26521,Clothing,2024-06-30
183,58,Female,Delhi,147282,28,31049,Clothing,2024-07-01
184,20,Female,Hyderabad,114986,11,6618,Electronics,2024-07-02
185,56,Female,Delhi,22551,65,38004,Clothing,2024-07-03
186,23,Male,Chennai,91947,19,2920,Electronics,2024-07-04
187,25,Female,Delhi,81001,9,44937,Electronics,2024-07-05
188,44,Male,Delhi,69159,27,5188,Groceries,2024-07-06
189,26,Female,Chennai,142775,34,13207,Furniture,2024-07-07
190,54,Male,Delhi,71707,44,1238,Clothing,2024-07-08
191,50,Female,Bangalore,53243,68,33972,Clothing,2024-07-09
192,59,Male,Bangalore,41800,100,11799,Groceries,2024-07-10
193,61,Female,Delhi,95939,82,6552,Groceries,2024-07-11
194,41,Male,Hyderabad,77828,15,29916,Groceries,2024-07-12
195,32,Female,Chennai,27239,51,5927,Sports,2024-07-13
196,49,Male,Bangalore,26710,13,28964,Sports,2024-07-14
197,49,Female,Hyderabad,41384,83,12164,Sports,2024-07-15
198,41,Male,Delhi,41038,49,38158,Electronics,2024-07-16
199,58,Male,Hyderabad,60846,70,20071,Clothing,2024-07-17
200,29,Female,Mumbai,107983,56,49409,Furniture,2024-07-18
201,56,Female,Bangalore,87821,76,7160,Electronics,2024-07-19
202,19,Male,Delhi,57991,51,16810,Clothing,2024-07-20
203,20,Female,Chennai,99057,37,6126,Clothing,2024-07-21
204,54,Male,Delhi,133193,17,31009,Groceries,2024-07-22
205,34,Male,Chennai,26971,58,34584,Groceries,2024-07-23
206,19,Male,Delhi,49139,87,47182,Electronics,2024-07-24
207,19,Female,Hyderabad,105445,90,26396,Groceries,2024-07-25
208,45,Male,Hyderabad,97067,29,1192,Clothing,2024-07-26
209,40,Male,Hyderabad,100257,33,37413,Groceries,2024-07-27
210,54,Female,Mumbai,104742,60,13816,Sports,2024-07-28
211,49,Female,Chennai,57711,91,40082,Groceries,2024-07-29
212,50,Female,Hyderabad,26530,89,33130,Clothing,2024-07-30
213,18,Female,Mumbai,31116,55,41142,Electronics,2024-07-31
214,36,Male,Chennai,85794,10,37468,Furniture,2024-08-01
215,19,Male,Delhi,20282,47,31698,Groceries,2024-08-02
216,61,Male,Mumbai,99473,23,11655,Clothing,2024-08-03
217,43,Male,Bangalore,21898,85,48897,Furniture,2024-08-04
218,49,Female,Mumbai,24135,21,31075,Furniture,2024-08-05
219,23,Male,Mumbai,26629,13,10359,Sports,2024-08-06
220,49,Male,Chennai,129472,33,37661,Furniture,2024-08-07
221,21,Female,Delhi,145147,24,40579,Clothing,2024-08-08
222,28,Male,Bangalore,105120,11,43056,Clothing,2024-08-09
223,34,Male,Hyderabad,139798,17,34272,Groceries,2024-08-10
224,55,Male,Hyderabad,109087,68,43581,Groceries,2024-08-11
225,41,Male,Mumbai,85031,47,15671,Groceries,2024-08-12
226,22,Male,Chennai,53380,25,28048,Furniture,2024-08-13
227,51,Male,Chennai,149951,94,11738,Furniture,2024-08-14
228,23,Female,Hyderabad,132507,73,26963,Sports,2024-08-15
229,39,Female,Bangalore,37071,21,44954,Groceries,2024-08-16
230,28,Male,Delhi,40074,84,7773,Electronics,2024-08-17
231,33,Male,Bangalore,110724,83,37584,Sports,2024-08-18
232,50,Female,Delhi,87843,83,30894,Electronics,2024-08-19
233,26,Male,Hyderabad,59901,12,1717,Furniture,2024-08-20
234,23,Male,Delhi,31205,37,12676,Sports,2024-08-21
235,33,Male,Chennai,75661,42,5434,Sports,2024-08-22
236,46,Female,Mumbai,144661,17,38825,Clothing,2024-08-23
237,20,Male,Mumbai,25906,48,30100,Furniture,2024-08-24
238,37,Female,Hyderabad,22591,28,5994,Furniture,2024-08-25
239,53,Male,Chennai,145576,41,5234,Sports,2024-08-26
240,36,Female,Bangalore,82987,99,4764,Furniture,2024-08-27
241,43,Female,Chennai,83370,47,44949,Sports,2024-08-28
242,20,Male,Mumbai,100685,18,38405,Clothing,2024-08-29
243,36,Female,Mumbai,130454,78,35872,Sports,2024-08-30
244,37,Male,Chennai,125487,99,43215,Furniture,2024-08-31
245,49,Female,Chennai,74400,71,24185,Furniture,2024-09-01
246,24,Male,Mumbai,45150,13,44442,Sports,2024-09-02
247,58,Male,Bangalore,51852,82,42153,Sports,2024-09-03
248,50,Female,Hyderabad,62870,13,12999,Sports,2024-09-04
249,57,Male,Hyderabad,139796,100,37487,Groceries,2024-09-05
250,56,Male,Chennai,72756,31,3581,Furniture,2024-09-06
251,35,Female,Hyderabad,135357,2,3763,Furniture,2024-09-07
252,57,Male,Mumbai,139052,16,28374,Groceries,2024-09-08
253,18,Male,Mumbai,76481,9,39759,Sports,2024-09-09
254,28,Female,Chennai,21283,73,11531,Clothing,2024-09-10
255,45,Female,Chennai,53691,38,26307,Sports,2024-09-11
256,42,Male,Chennai,21125,75,31835,Sports,2024-09-12
257,40,Male,Bangalore,87065,54,12064,Groceries,2024-09-13
258,48,Female,Hyderabad,148734,56,12312,Furniture,2024-09-14
259,47,Female,Chennai,46170,86,38548,Sports,2024-09-15
260,59,Male,Delhi,28438,97,37945,Furniture,2024-09-16
261,52,Female,Delhi,40095,100,48937,Electronics,2024-09-17
262,24,Male,Mumbai,36154,87,7476,Furniture,2024-09-18
263,33,Male,Hyderabad,28004,45,25565,Clothing,2024-09-19
264,43,Male,Chennai,29752,34,3382,Clothing,2024-09-20
265,19,Male,Delhi,75426,9,23463,Sports,2024-09-21
266,18,Male,Hyderabad,128896,88,46276,Furniture,2024-09-22
267,29,Female,Mumbai,46819,8,34402,Sports,2024-09-23
268,22,Female,Bangalore,122168,7,27345,Groceries,2024-09-24
269,54,Female,Hyderabad,112051,36,45764,Clothing,2024-09-25
270,49,Female,Hyderabad,147905,18,27946,Sports,2024-09-26
271,26,Male,Bangalore,44217,3,15162,Groceries,2024-09-27
272,58,Male,Hyderabad,145949,28,47773,Sports,2024-09-28
273,52,Male,Mumbai,108708,70,9397,Furniture,2024-09-29
274,36,Male,Mumbai,52994,44,23335,Furniture,2024-09-30
275,33,Female,Bangalore,35036,21,46095,Furniture,2024-10-01
276,20,Male,Chennai,97275,28,15394,Furniture,2024-10-02
277,37,Male,Delhi,117756,54,28197,Electronics,2024-10-03
278,41,Female,Chennai,69416,54,23010,Groceries,2024-10-04
279,50,Female,Hyderabad,29587,65,25123,Groceries,2024-10-05
280,41,Female,Delhi,130053,100,23387,Furniture,2024-10-06
281,28,Female,Bangalore,115665,21,3890,Electronics,2024-10-07
282,25,Male,Bangalore,20645,99,28769,Furniture,2024-10-08
283,53,Male,Delhi,50930,13,44626,Electronics,2024-10-09
284,55,Female,Mumbai,101835,57,9026,Furniture,2024-10-10
285,57,Male,Delhi,142232,49,4306,Clothing,2024-10-11
286,37,Male,Hyderabad,50090,54,34665,Clothing,2024-10-12
287,52,Male,Mumbai,107489,10,10277,Sports,2024-10-13
288,42,Female,Bangalore,72142,53,43239,Furniture,2024-10-14
289,52,Male,Delhi,131979,44,48664,Groceries,2024-10-15
290,42,Female,Chennai,46475,47,49008,Sports,2024-10-16
291,46,Male,Chennai,38888,53,15683,Clothing,2024-10-17
292,35,Male,Hyderabad,63732,74,1670,Furniture,2024-10-18
293,63,Male,Chennai,101623,46,24675,Sports,2024-10-19
294,35,Female,Delhi,66305,13,18889,Furniture,2024-10-20
295,19,Male,Delhi,66037,37,45535,Clothing,2024-10-21
296,52,Female,Chennai,29346,24,14006,Sports,2024-10-22
297,33,Female,Delhi,20587,2,49536,Clothing,2024-10-23
298,58,Female,Hyderabad,32763,86,27531,Electronics,2024-10-24
299,53,Male,Mumbai,79165,81,22639,Clothing,2024-10-25
300,50,Male,Hyderabad,127481,100,17633,Furniture,2024-10-26
301,21,Male,Hyderabad,89615,14,35660,Groceries,2024-10-27
302,50,Male,Delhi,56116,10,4439,Clothing,2024-10-28
303,31,Female,Mumbai,140987,35,33172,Groceries,2024-10-29
304,38,Female,Delhi,105751,25,36622,Electronics,2024-10-30
305,37,Female,Bangalore,111353,3,12577,Sports,2024-10-31
306,25,Male,Delhi,110301,17,12763,Sports,2024-11-01
307,24,Female,Delhi,115648,12,21176,Groceries,2024-11-02
308,20,Male,Delhi,45556,54,45386,Sports,2024-11-03
309,34,Female,Mumbai,79042,24,25255,Clothing,2024-11-04
310,50,Male,Delhi,38099,29,42003,Groceries,2024-11-05
311,29,Male,Mumbai,129089,43,20996,Furniture,2024-11-06
312,39,Female,Chennai,65096,25,36386,Clothing,2024-11-07
313,39,Female,Bangalore,91986,100,22062,Clothing,2024-11-08
314,63,Female,Mumbai,33230,60,36931,Clothing,2024-11-09
315,47,Female,Chennai,49009,90,36710,Furniture,2024-11-10
316,55,Male,Mumbai,90969,65,35693,Electronics,2024-11-11
317,55,Female,Mumbai,53866,84,36740,Sports,2024-11-12
318,62,Female,Bangalore,125400,28,12705,Groceries,2024-11-13
319,25,Female,Hyderabad,104246,16,44408,Electronics,2024-11-14
320,44,Male,Hyderabad,96975,47,29047,Groceries,2024-11-15
321,44,Male,Mumbai,61855,81,11966,Sports,2024-11-16
322,51,Female,Delhi,101557,92,18374,Furniture,2024-11-17
323,38,Male,Chennai,26416,58,12138,Clothing,2024-11-18
324,47,Female,Delhi,92516,76,16935,Clothing,2024-11-19
325,50,Male,Delhi,75915,27,46913,Furniture,2024-11-20
326,45,Male,Mumbai,38058,53,1489,Electronics,2024-11-21
327,64,Male,Mumbai,96637,42,45516,Electronics,2024-11-22
328,50,Male,Mumbai,60718,59,23260,Groceries,2024-11-23
329,22,Female,Mumbai,52602,47,27069,Furniture,2024-11-24
330,36,Female,Hyderabad,94658,94,20275,Electronics,2024-11-25
331,21,Female,Mumbai,98112,34,37284,Furniture,2024-11-26
332,52,Male,Hyderabad,78067,37,40178,Sports,2024-11-27
333,34,Female,Hyderabad,47516,6,33821,Clothing,2024-11-28
334,61,Female,Mumbai,149295,7,17999,Clothing,2024-11-29
335,45,Female,Bangalore,107969,96,39712,Clothing,2024-11-30
336,47,Male,Chennai,21089,96,41172,Furniture,2024-12-01
337,46,Male,Delhi,57346,25,34722,Furniture,2024-12-02
338,63,Male,Hyderabad,94663,33,11625,Groceries,2024-12-03
339,23,Female,Chennai,30487,55,2629,Clothing,2024-12-04
340,52,Female,Bangalore,20155,58,11973,Groceries,2024-12-05
341,58,Female,Delhi,143950,7,7859,Clothing,2024-12-06
342,54,Male,Delhi,87494,57,42609,Groceries,2024-12-07
343,41,Male,Hyderabad,96229,12,44307,Groceries,2024-12-08
344,46,Female,Mumbai,124648,16,46450,Sports,2024-12-09
345,63,Male,Bangalore,58547,80,37046,Groceries,2024-12-10
346,48,Male,Hyderabad,48795,43,22839,Furniture,2024-12-11
347,52,Male,Bangalore,75296,100,28216,Groceries,2024-12-12
348,50,Male,Mumbai,41447,77,19945,Clothing,2024-12-13
349,38,Female,Mumbai,56598,7,7539,Groceries,2024-12-14
350,49,Male,Hyderabad,61814,100,34625,Electronics,2024-12-15
351,40,Male,Mumbai,110751,51,5886,Clothing,2024-12-16
352,50,Male,Chennai,145118,73,46713,Electronics,2024-12-17
353,20,Male,Delhi,95330,32,8485,Clothing,2024-12-18
354,35,Female,Hyderabad,141347,75,32455,Furniture,2024-12-19
355,42,Female,Bangalore,118745,8,47448,Furniture,2024-12-20
356,59,Male,Chennai,107960,97,17767,Furniture,2024-12-21
357,48,Male,Hyderabad,83278,87,48165,Electronics,2024-12-22
358,20,Male,Mumbai,75077,89,29453,Sports,2024-12-23
359,57,Male,Mumbai,132782,72,11744,Clothing,2024-12-24
360,63,Male,Mumbai,142046,45,38102,Furniture,2024-12-25
361,41,Male,Mumbai,122932,86,13226,Clothing,2024-12-26
362,49,Female,Bangalore,91906,59,28869,Electronics,2024-12-27
363,64,Male,Chennai,29528,4,23588,Sports,2024-12-28
364,39,Female,Delhi,113812,67,14440,Electronics,2024-12-29
365,40,Female,Bangalore,70100,29,32709,Clothing,2024-12-30
366,19,Male,Bangalore,129869,29,48788,Sports,2024-12-31
367,44,Female,Delhi,28179,98,23495,Sports,2025-01-01
368,59,Female,Delhi,68781,98,38019,Electronics,2025-01-02
369,19,Female,Mumbai,75267,28,45948,Furniture,2025-01-03
370,43,Female,Bangalore,102379,77,49908,Clothing,2025-01-04
371,34,Female,Hyderabad,43952,79,1922,Groceries,2025-01-05
372,57,Female,Delhi,73798,87,28526,Groceries,2025-01-06
373,50,Male,Delhi,118696,44,8957,Electronics,2025-01-07
374,26,Female,Chennai,130434,90,49564,Clothing,2025-01-08
375,60,Female,Hyderabad,70939,4,34998,Clothing,2025-01-09
376,56,Female,Hyderabad,49516,90,44395,Electronics,2025-01-10
377,46,Male,Delhi,76526,9,25031,Clothing,2025-01-11
378,59,Female,Mumbai,30449,5,11006,Furniture,2025-01-12
379,43,Male,Chennai,70290,56,38701,Electronics,2025-01-13
380,52,Female,Hyderabad,146688,96,48063,Furniture,2025-01-14
381,42,Male,Delhi,106661,84,26939,Clothing,2025-01-15
382,41,Male,Hyderabad,92954,50,21324,Electronics,2025-01-16
383,30,Female,Chennai,42746,75,23867,Clothing,2025-01-17
384,24,Female,Chennai,87990,15,1203,Electronics,2025-01-18
385,53,Male,Bangalore,78810,32,17544,Clothing,2025-01-19
386,62,Female,Delhi,138362,28,16899,Furniture,2025-01-20
387,37,Male,Chennai,103297,22,30063,Furniture,2025-01-21
388,18,Male,Bangalore,35223,17,26344,Clothing,2025-01-22
389,25,Male,Bangalore,92237,59,4748,Electronics,2025-01-23
390,63,Male,Hyderabad,22597,90,40486,Groceries,2025-01-24
391,33,Male,Hyderabad,85677,71,2093,Furniture,2025-01-25
392,31,Female,Bangalore,22659,57,16228,Furniture,2025-01-26
393,29,Male,Hyderabad,106516,26,21884,Groceries,2025-01-27
394,40,Male,Chennai,94567,25,26183,Clothing,2025-01-28
395,32,Female,Mumbai,35037,10,17034,Electronics,2025-01-29
396,45,Male,Chennai,146498,45,6710,Clothing,2025-01-30
397,51,Female,Bangalore,66738,83,43500,Sports,2025-01-31
398,19,Female,Bangalore,123965,11,20259,Furniture,2025-02-01
399,49,Female,Chennai,91678,77,36959,Sports,2025-02-02
400,40,Male,Hyderabad,32109,53,34457,Furniture,2025-02-03
401,39,Male,Hyderabad,42010,72,21143,Furniture,2025-02-04
402,42,Male,Bangalore,28787,68,3103,Sports,2025-02-05
403,39,Female,Delhi,128400,95,1365,Sports,2025-02-06
404,39,Male,Hyderabad,28472,28,47778,Clothing,2025-02-07
405,59,Female,Chennai,135111,75,45535,Sports,2025-02-08
406,23,Male,Hyderabad,43383,65,17103,Clothing,2025-02-09
407,32,Female,Chennai,81709,49,33510,Clothing,2025-02-10
408,60,Male,Bangalore,89785,47,25476,Clothing,2025-02-11
409,54,Male,Hyderabad,133253,52,13742,Furniture,2025-02-12
410,50,Male,Chennai,54518,88,13391,Furniture,2025-02-13
411,25,Female,Bangalore,73909,54,37940,Sports,2025-02-14
412,61,Female,Delhi,38351,60,29901,Furniture,2025-02-15
413,61,Male,Chennai,89624,57,33001,Sports,2025-02-16
414,22,Male,Delhi,73330,47,16623,Furniture,2025-02-17
415,56,Female,Delhi,142477,31,3378,Electronics,2025-02-18
416,21,Female,Mumbai,35282,46,22372,Electronics,2025-02-19
417,23,Female,Hyderabad,104866,26,45799,Sports,2025-02-20
418,62,Male,Chennai,127945,5,39437,Furniture,2025-02-21
419,49,Female,Delhi,41778,84,36503,Furniture,2025-02-22
420,47,Male,Mumbai,44264,52,31746,Clothing,2025-02-23
421,64,Female,Bangalore,79675,75,28923,Groceries,2025-02-24
422,52,Male,Chennai,25075,54,10867,Sports,2025-02-25
423,57,Female,Delhi,95948,33,42258,Groceries,2025-02-26
424,33,Female,Hyderabad,68454,50,34724,Groceries,2025-02-27
425,30,Female,Mumbai,48365,38,10306,Sports,2025-02-28
426,59,Female,Delhi,92766,27,40391,Furniture,2025-03-01
427,47,Female,Hyderabad,68200,98,15908,Sports,2025-03-02
428,36,Male,Delhi,31002,15,28081,Groceries,2025-03-03
429,34,Female,Chennai,33947,96,38228,Furniture,2025-03-04
430,36,Female,Chennai,99222,61,24386,Electronics,2025-03-05
431,45,Female,Chennai,114840,21,47754,Sports,2025-03-06
432,43,Male,Mumbai,136219,46,46406,Sports,2025-03-07
433,54,Female,Chennai,98610,69,29302,Furniture,2025-03-08
434,43,Male,Hyderabad,72142,6,20212,Electronics,2025-03-09
435,40,Female,Delhi,76307,38,36618,Electronics,2025-03-10
436,26,Female,Bangalore,24493,62,47067,Furniture,2025-03-11
437,29,Male,Hyderabad,144023,86,11698,Clothing,2025-03-12
438,18,Female,Hyderabad,70085,62,5594,Sports,2025-03-13
439,18,Male,Chennai,54228,82,26525,Sports,2025-03-14
440,64,Male,Mumbai,99676,78,15282,Groceries,2025-03-15
441,51,Female,Delhi,71875,74,15334,Furniture,2025-03-16
442,49,Male,Mumbai,51655,46,30179,Groceries,2025-03-17
443,42,Female,Delhi,63472,13,7644,Groceries,2025-03-18
444,57,Female,Delhi,69437,95,36618,Electronics,2025-03-19
445,62,Male,Mumbai,69416,94,48701,Sports,2025-03-20
446,18,Male,Hyderabad,79711,3,33933,Groceries,2025-03-21
447,33,Male,Delhi,26816,94,44469,Electronics,2025-03-22
448,56,Male,Mumbai,97175,6,34687,Furniture,2025-03-23
449,22,Female,Delhi,84307,93,42073,Groceries,2025-03-24
450,39,Female,Bangalore,132728,8,18375,Sports,2025-03-25
451,46,Male,Hyderabad,66733,44,49483,Groceries,2025-03-26
452,20,Female,Chennai,148202,33,31926,Furniture,2025-03-27
453,29,Female,Delhi,115028,81,37607,Groceries,2025-03-28
454,43,Female,Bangalore,136450,75,18642,Sports,2025-03-29
455,33,Female,Chennai,31240,77,24993,Electronics,2025-03-30
456,54,Male,Chennai,118234,50,45386,Sports,2025-03-31
457,39,Male,Delhi,112493,11,47287,Electronics,2025-04-01
458,46,Female,Mumbai,145149,95,22188,Clothing,2025-04-02
459,31,Male,Delhi,118344,28,33596,Sports,2025-04-03
460,45,Male,Bangalore,91363,70,28772,Sports,2025-04-04
461,22,Male,Chennai,52762,41,31857,Furniture,2025-04-05
462,64,Female,Delhi,28259,16,11776,Groceries,2025-04-06
463,47,Female,Mumbai,70139,68,33835,Electronics,2025-04-07
464,63,Female,Delhi,148775,99,10788,Electronics,2025-04-08
465,22,Male,Hyderabad,34849,48,6660,Furniture,2025-04-09
466,29,Female,Mumbai,101768,56,5478,Furniture,2025-04-10
467,33,Female,Bangalore,126108,64,9210,Groceries,2025-04-11
468,43,Male,Chennai,109709,59,11922,Groceries,2025-04-12
469,43,Female,Delhi,74869,90,37289,Sports,2025-04-13
470,38,Female,Mumbai,146888,62,34340,Clothing,2025-04-14
471,56,Male,Hyderabad,83095,76,40850,Groceries,2025-04-15
472,53,Male,Mumbai,137886,11,39163,Furniture,2025-04-16
473,50,Male,Hyderabad,90910,89,49175,Groceries,2025-04-17
474,47,Female,Bangalore,106710,18,19642,Electronics,2025-04-18
475,54,Female,Chennai,43567,19,12094,Clothing,2025-04-19
476,40,Female,Bangalore,55292,87,23423,Sports,2025-04-20
477,27,Male,Delhi,94813,55,34418,Electronics,2025-04-21
478,22,Male,Mumbai,117136,82,6741,Electronics,2025-04-22
479,53,Female,Hyderabad,71631,26,47049,Clothing,2025-04-23
480,51,Female,Hyderabad,29885,6,7838,Sports,2025-04-24
481,48,Male,Mumbai,79659,4,4262,Furniture,2025-04-25
482,27,Male,Mumbai,74306,29,5996,Sports,2025-04-26
483,36,Male,Delhi,86314,59,45594,Groceries,2025-04-27
484,49,Male,Bangalore,85087,98,23164,Electronics,2025-04-28
485,18,Female,Hyderabad,49165,17,36595,Groceries,2025-04-29
486,22,Male,Delhi,78929,43,31257,Furniture,2025-04-30
487,62,Female,Bangalore,87028,80,15211,Groceries,2025-05-01
488,21,Female,Delhi,115998,66,31453,Sports,2025-05-02
489,33,Female,Hyderabad,69812,34,6232,Groceries,2025-05-03
490,41,Male,Mumbai,70500,8,3217,Furniture,2025-05-04
491,33,Male,Mumbai,99151,13,25229,Furniture,2025-05-05
492,19,Male,Bangalore,78643,8,15232,Furniture,2025-05-06
493,45,Male,Chennai,64900,94,26613,Sports,2025-05-07
494,49,Female,Bangalore,62946,96,15026,Furniture,2025-05-08
495,44,Male,Chennai,27851,100,29554,Electronics,2025-05-09
496,37,Male,Delhi,36288,94,31908,Furniture,2025-05-10
497,41,Female,Delhi,92692,65,20610,Groceries,2025-05-11
498,29,Male,Hyderabad,87580,43,47646,Groceries,2025-05-12
499,52,Female,Chennai,27368,39,40605,Groceries,2025-05-13
500,50,Female,Hyderabad,105436,81,8031,Sports,2025-05-14
501,50,Female,Mumbai,116136,59,48574,Groceries,2025-05-15
502,60,Female,Chennai,66403,84,26515,Sports,2025-05-16
503,54,Female,Bangalore,111170,88,37484,Sports,2025-05-17
504,29,Female,Mumbai,29168,86,37182,Furniture,2025-05-18
505,20,Female,Mumbai,106497,93,1570,Electronics,2025-05-19
506,18,Female,Bangalore,69879,86,33254,Furniture,2025-05-20
507,50,Male,Mumbai,79871,44,20288,Furniture,2025-05-21
508,57,Male,Chennai,129632,9,14288,Sports,2025-05-22
509,27,Male,Hyderabad,131623,37,30877,Sports,2025-05-23
510,60,Male,Mumbai,109388,74,19889,Groceries,2025-05-24
511,61,Female,Chennai,118646,36,1917,Groceries,2025-05-25
512,46,Male,Delhi,52174,92,11066,Furniture,2025-05-26
513,30,Female,Chennai,119751,28,30504,Clothing,2025-05-27
514,29,Male,Hyderabad,112491,42,7982,Clothing,2025-05-28
515,48,Male,Chennai,26581,43,40104,Groceries,2025-05-29
516,63,Male,Bangalore,130155,85,19062,Clothing,2025-05-30
517,19,Female,Hyderabad,91853,88,17999,Groceries,2025-05-31
518,52,Male,Delhi,84046,42,10941,Sports,2025-06-01
519,40,Female,Bangalore,69678,66,24470,Furniture,2025-06-02
520,34,Female,Chennai,128392,55,46148,Electronics,2025-06-03
521,43,Male,Hyderabad,131250,72,22133,Furniture,2025-06-04
522,25,Male,Delhi,46649,48,45435,Groceries,2025-06-05
523,46,Male,Bangalore,147795,91,5529,Groceries,2025-06-06
524,43,Female,Delhi,108668,22,18519,Furniture,2025-06-07
525,27,Male,Chennai,102325,27,13192,Groceries,2025-06-08
526,43,Female,Delhi,34567,93,9566,Clothing,2025-06-09
527,51,Female,Mumbai,100404,67,8226,Clothing,2025-06-10
528,58,Male,Bangalore,109906,13,38930,Groceries,2025-06-11
529,24,Male,Delhi,128069,45,22259,Groceries,2025-06-12
530,21,Female,Chennai,116019,10,35087,Clothing,2025-06-13
531,62,Female,Chennai,81944,100,2141,Groceries,2025-06-14
532,28,Female,Delhi,138428,9,5627,Groceries,2025-06-15
533,46,Male,Chennai,98002,54,48269,Furniture,2025-06-16
534,53,Female,Hyderabad,48803,27,3690,Electronics,2025-06-17
535,42,Male,Hyderabad,38230,34,41091,Clothing,2025-06-18
536,38,Female,Hyderabad,37862,1,4255,Furniture,2025-06-19
537,53,Female,Mumbai,63355,32,6213,Electronics,2025-06-20
538,27,Male,Delhi,51259,89,37876,Groceries,2025-06-21
539,54,Female,Mumbai,119075,93,20404,Groceries,2025-06-22
540,26,Male,Chennai,107445,71,26380,Furniture,2025-06-23
541,41,Male,Mumbai,50795,67,26520,Groceries,2025-06-24
542,52,Female,Chennai,134604,84,20173,Sports,2025-06-25
543,52,Male,Chennai,28770,20,24989,Furniture,2025-06-26
544,53,Male,Bangalore,31093,94,43570,Electronics,2025-06-27
545,35,Female,Hyderabad,66571,35,25519,Furniture,2025-06-28
546,56,Male,Chennai,20193,99,23439,Clothing,2025-06-29
547,49,Male,Bangalore,120311,91,12413,Furniture,2025-06-30
548,41,Male,Hyderabad,37569,90,15995,Groceries,2025-07-01
549,40,Female,Chennai,137082,78,24559,Groceries,2025-07-02
550,49,Male,Chennai,31190,17,46351,Sports,2025-07-03
551,54,Female,Mumbai,82824,18,24513,Sports,2025-07-04
552,29,Female,Mumbai,62752,45,6021,Sports,2025-07-05
553,30,Male,Hyderabad,52327,93,33464,Electronics,2025-07-06
554,40,Male,Chennai,62070,84,22119,Sports,2025-07-07
555,42,Male,Delhi,105925,53,30299,Electronics,2025-07-08
556,52,Female,Mumbai,60197,91,40350,Sports,2025-07-09
557,58,Male,Hyderabad,22261,82,47223,Electronics,2025-07-10
558,47,Male,Chennai,138424,68,26517,Furniture,2025-07-11
559,34,Male,Chennai,113905,65,14117,Furniture,2025-07-12
560,37,Male,Delhi,46512,1,23250,Groceries,2025-07-13
561,42,Male,Hyderabad,26716,58,19950,Electronics,2025-07-14
562,39,Female,Chennai,106795,26,18359,Clothing,2025-07-15
563,30,Female,Mumbai,48933,20,24596,Groceries,2025-07-16
564,36,Male,Delhi,127225,87,26530,Furniture,2025-07-17
565,53,Male,Hyderabad,24378,10,2262,Electronics,2025-07-18
566,29,Male,Delhi,60583,59,41150,Sports,2025-07-19
567,58,Male,Mumbai,132082,75,23615,Clothing,2025-07-20
568,36,Female,Hyderabad,105371,41,4327,Furniture,2025-07-21
569,29,Male,Delhi,49033,5,30768,Groceries,2025-07-22
570,26,Female,Bangalore,44000,65,29850,Electronics,2025-07-23
571,24,Female,Mumbai,131032,17,43788,Clothing,2025-07-24
572,45,Male,Mumbai,95868,22,17848,Electronics,2025-07-25
573,31,Female,Mumbai,62604,98,47830,Sports,2025-07-26
574,48,Female,Bangalore,88336,41,40542,Groceries,2025-07-27
575,36,Female,Bangalore,115074,93,16160,Electronics,2025-07-28
576,64,Female,Chennai,115655,68,34998,Furniture,2025-07-29
577,33,Male,Delhi,93869,69,28230,Groceries,2025-07-30
578,22,Male,Chennai,25410,11,10076,Furniture,2025-07-31
579,52,Female,Delhi,103375,56,4805,Electronics,2025-08-01
580,29,Male,Bangalore,76044,51,32085,Groceries,2025-08-02
581,42,Male,Bangalore,83315,21,15715,Furniture,2025-08-03
582,38,Male,Chennai,116055,99,6750,Sports,2025-08-04
583,53,Male,Hyderabad,91344,76,49395,Sports,2025-08-05
584,40,Male,Chennai,26796,26,14232,Electronics,2025-08-06
585,33,Female,Delhi,106716,19,36903,Groceries,2025-08-07
586,56,Male,Chennai,74245,60,7953,Clothing,2025-08-08
587,62,Male,Mumbai,63056,71,33093,Groceries,2025-08-09
588,59,Male,Delhi,37709,47,26500,Sports,2025-08-10
589,56,Male,Delhi,139664,71,23418,Furniture,2025-08-11
590,31,Female,Hyderabad,78557,26,35314,Clothing,2025-08-12
591,48,Female,Bangalore,37543,40,49225,Electronics,2025-08-13
592,22,Female,Delhi,57418,5,23449,Clothing,2025-08-14
593,52,Female,Bangalore,114611,21,18478,Electronics,2025-08-15
594,40,Male,Chennai,123291,78,36179,Clothing,2025-08-16
595,46,Female,Mumbai,133504,4,47881,Electronics,2025-08-17
596,60,Male,Hyderabad,123001,23,26338,Electronics,2025-08-18
597,28,Male,Bangalore,116038,84,27899,Clothing,2025-08-19
598,35,Male,Delhi,36724,15,5145,Clothing,2025-08-20
599,64,Male,Bangalore,23828,93,33101,Electronics,2025-08-21
600,29,Male,Delhi,136656,8,3775,Sports,2025-08-22
601,26,Female,Bangalore,37087,41,46961,Clothing,2025-08-23
602,27,Female,Delhi,32605,19,32647,Groceries,2025-08-24
603,61,Female,Chennai,51337,46,46619,Furniture,2025-08-25
604,34,Female,Delhi,25482,28,46838,Electronics,2025-08-26
605,55,Male,Delhi,85333,91,20539,Electronics,2025-08-27
606,24,Female,Mumbai,112541,68,37738,Furniture,2025-08-28
607,63,Male,Delhi,108296,15,27616,Sports,2025-08-29
608,30,Female,Mumbai,70952,99,15119,Furniture,2025-08-30
609,57,Male,Hyderabad,25463,37,26159,Clothing,2025-08-31
610,59,Male,Mumbai,132164,1,38099,Furniture,2025-09-01
611,26,Female,Chennai,90448,67,11295,Electronics,2025-09-02
612,44,Male,Mumbai,24648,24,35710,Furniture,2025-09-03
613,19,Male,Hyderabad,53623,27,25685,Groceries,2025-09-04
614,22,Female,Chennai,79156,40,26479,Clothing,2025-09-05
615,46,Male,Bangalore,55634,63,47172,Furniture,2025-09-06
616,54,Female,Bangalore,64602,61,34629,Electronics,2025-09-07
617,55,Female,Mumbai,134598,36,43043,Clothing,2025-09-08
618,36,Female,Mumbai,69334,98,18033,Electronics,2025-09-09
619,25,Male,Hyderabad,88648,93,37902,Sports,2025-09-10
620,62,Male,Hyderabad,42054,24,45571,Groceries,2025-09-11
621,18,Male,Delhi,90028,24,16408,Sports,2025-09-12
622,39,Female,Hyderabad,42207,4,18420,Groceries,2025-09-13
623,34,Male,Delhi,100650,67,17351,Furniture,2025-09-14
624,24,Female,Chennai,119821,34,5131,Clothing,2025-09-15
625,42,Female,Mumbai,101554,57,45825,Furniture,2025-09-16
626,62,Male,Chennai,41386,49,12349,Groceries,2025-09-17
627,21,Female,Hyderabad,103276,87,45254,Groceries,2025-09-18
628,53,Male,Chennai,79518,53,39225,Groceries,2025-09-19
629,23,Male,Chennai,72781,23,39847,Electronics,2025-09-20
630,48,Male,Chennai,72780,69,13453,Clothing,2025-09-21
631,36,Male,Hyderabad,81440,95,19814,Furniture,2025-09-22
632,61,Male,Chennai,64199,53,19263,Furniture,2025-09-23
633,56,Female,Delhi,81035,62,13158,Sports,2025-09-24
634,44,Female,Hyderabad,28210,41,16735,Groceries,2025-09-25
635,27,Female,Chennai,64363,57,16830,Groceries,2025-09-26
636,43,Male,Hyderabad,131175,60,48893,Groceries,2025-09-27
637,36,Male,Bangalore,98279,54,45673,Furniture,2025-09-28
638,56,Male,Delhi,80348,70,24926,Sports,2025-09-29
639,20,Female,Chennai,75284,57,46066,Electronics,2025-09-30
640,62,Male,Bangalore,127628,10,35779,Clothing,2025-10-01
641,30,Female,Bangalore,129835,40,4373,Electronics,2025-10-02
642,45,Female,Hyderabad,92124,7,11335,Furniture,2025-10-03
643,37,Male,Bangalore,88847,38,24741,Groceries,2025-10-04
644,45,Male,Delhi,42432,85,11692,Clothing,2025-10-05
645,25,Female,Delhi,146252,61,48295,Furniture,2025-10-06
646,58,Male,Mumbai,84089,84,46541,Furniture,2025-10-07
647,56,Female,Delhi,75398,3,35057,Furniture,2025-10-08
648,18,Male,Bangalore,119291,51,2447,Clothing,2025-10-09
649,20,Male,Delhi,23321,86,20583,Clothing,2025-10-10
650,30,Female,Hyderabad,101348,47,23765,Sports,2025-10-11
651,45,Male,Mumbai,57383,68,24906,Sports,2025-10-12
652,42,Female,Bangalore,133816,92,20567,Electronics,2025-10-13
653,50,Male,Mumbai,98682,76,15139,Clothing,2025-10-14
654,55,Female,Bangalore,143053,38,47525,Clothing,2025-10-15
655,23,Female,Hyderabad,99190,36,39230,Clothing,2025-10-16
656,61,Male,Mumbai,72893,41,20520,Sports,2025-10-17
657,62,Female,Chennai,55820,69,20702,Furniture,2025-10-18
658,49,Male,Bangalore,141262,13,26566,Groceries,2025-10-19
659,62,Male,Chennai,86262,87,8657,Sports,2025-10-20
660,64,Male,Mumbai,23760,58,38688,Clothing,2025-10-21
661,38,Female,Chennai,42190,50,31134,Sports,2025-10-22
662,33,Female,Chennai,87411,30,11345,Electronics,2025-10-23
663,38,Male,Mumbai,43377,62,42185,Clothing,2025-10-24
664,28,Male,Hyderabad,66737,25,28413,Electronics,2025-10-25
665,54,Female,Chennai,89569,27,6208,Clothing,2025-10-26
666,53,Male,Chennai,58211,51,34455,Sports,2025-10-27
667,52,Male,Hyderabad,102909,78,29018,Furniture,2025-10-28
668,36,Female,Chennai,23744,57,46991,Groceries,2025-10-29
669,37,Male,Chennai,145566,47,9080,Electronics,2025-10-30
670,35,Female,Chennai,44995,100,22902,Sports,2025-10-31
671,64,Male,Delhi,36977,39,10486,Furniture,2025-11-01
672,58,Female,Hyderabad,149508,16,39862,Sports,2025-11-02
673,31,Male,Chennai,117938,22,22158,Electronics,2025-11-03
674,32,Male,Hyderabad,54542,85,41460,Groceries,2025-11-04
675,48,Female,Bangalore,30651,54,44856,Sports,2025-11-05
676,18,Male,Bangalore,119239,21,36871,Clothing,2025-11-06
677,20,Female,Chennai,98931,72,36208,Furniture,2025-11-07
678,33,Male,Hyderabad,115344,16,21519,Sports,2025-11-08
679,40,Female,Hyderabad,122112,59,32379,Furniture,2025-11-09
680,28,Female,Hyderabad,36715,31,29378,Clothing,2025-11-10
681,29,Female,Delhi,64409,42,40892,Groceries,2025-11-11
682,27,Female,Bangalore,44306,74,15031,Groceries,2025-11-12
683,49,Male,Hyderabad,39086,32,15536,Clothing,2025-11-13
684,33,Male,Hyderabad,34376,59,1446,Furniture,2025-11-14
685,25,Female,Delhi,81350,34,37683,Sports,2025-11-15
686,55,Female,Delhi,91425,9,49555,Clothing,2025-11-16
687,29,Female,Hyderabad,123358,81,18618,Electronics,2025-11-17
688,41,Male,Mumbai,56636,11,7587,Furniture,2025-11-18
689,45,Male,Hyderabad,106120,96,32480,Groceries,2025-11-19
690,25,Male,Hyderabad,134889,10,33994,Clothing,2025-11-20
691,45,Male,Delhi,71649,86,21527,Groceries,2025-11-21
692,53,Female,Delhi,54610,17,24569,Furniture,2025-11-22
693,43,Female,Hyderabad,30058,68,12151,Groceries,2025-11-23
694,25,Female,Hyderabad,144876,48,6558,Clothing,2025-11-24
695,45,Male,Hyderabad,148265,52,45739,Furniture,2025-11-25
696,45,Male,Delhi,94637,25,33954,Electronics,2025-11-26
697,54,Male,Hyderabad,98033,21,48448,Clothing,2025-11-27
698,58,Female,Hyderabad,90194,65,48327,Sports,2025-11-28
699,53,Female,Chennai,96917,63,44837,Clothing,2025-11-29
700,44,Male,Mumbai,84200,89,36303,Furniture,2025-11-30
701,34,Female,Bangalore,125848,51,35700,Clothing,2025-12-01
702,26,Male,Mumbai,126022,36,28500,Electronics,2025-12-02
703,50,Male,Chennai,66619,81,3032,Electronics,2025-12-03
704,37,Female,Bangalore,37154,88,2252,Sports,2025-12-04
705,30,Male,Hyderabad,39539,66,6509,Groceries,2025-12-05
706,45,Female,Chennai,145381,15,38842,Furniture,2025-12-06
707,46,Male,Hyderabad,80058,96,14900,Furniture,2025-12-07
708,30,Female,Delhi,82068,39,15523,Groceries,2025-12-08
709,63,Female,Chennai,97313,70,2881,Electronics,2025-12-09
710,52,Female,Delhi,119932,1,34037,Electronics,2025-12-10
711,23,Male,Chennai,50373,23,2630,Clothing,2025-12-11
712,35,Male,Chennai,53154,39,21789,Sports,2025-12-12
713,22,Female,Delhi,26031,57,23523,Sports,2025-12-13
714,64,Female,Bangalore,113533,81,18958,Sports,2025-12-14
715,42,Male,Mumbai,91975,34,47151,Clothing,2025-12-15
716,19,Male,Hyderabad,42785,41,49920,Sports,2025-12-16
717,27,Male,Chennai,98928,93,44852,Groceries,2025-12-17
718,47,Female,Hyderabad,138696,73,2695,Clothing,2025-12-18
719,62,Male,Delhi,48669,13,15821,Groceries,2025-12-19
720,22,Male,Hyderabad,114475,70,4262,Clothing,2025-12-20
721,50,Female,Delhi,137154,6,2445,Sports,2025-12-21
722,18,Male,Hyderabad,22282,84,17436,Groceries,2025-12-22
723,35,Male,Mumbai,54624,52,10949,Groceries,2025-12-23
724,49,Male,Mumbai,68438,3,24963,Groceries,2025-12-24
725,64,Female,Mumbai,109900,81,30932,Clothing,2025-12-25
726,28,Female,Mumbai,87534,63,7901,Furniture,2025-12-26
727,38,Female,Mumbai,51705,49,34487,Sports,2025-12-27
728,43,Female,Mumbai,58244,76,9597,Groceries,2025-12-28
729,42,Female,Delhi,94964,47,7855,Furniture,2025-12-29
730,39,Female,Chennai,57437,55,19678,Sports,2025-12-30
731,44,Female,Hyderabad,97872,64,9263,Sports,2025-12-31
732,30,Male,Mumbai,94878,65,48288,Groceries,2026-01-01
733,50,Male,Delhi,139006,81,26805,Groceries,2026-01-02
734,51,Female,Delhi,125368,67,27143,Clothing,2026-01-03
735,58,Male,Delhi,92982,90,12874,Furniture,2026-01-04
736,52,Male,Chennai,70583,15,28529,Furniture,2026-01-05
737,18,Female,Hyderabad,58392,100,21866,Groceries,2026-01-06
738,38,Male,Chennai,27461,32,15079,Sports,2026-01-07
739,23,Male,Bangalore,120123,96,8243,Groceries,2026-01-08
740,45,Male,Delhi,30516,68,30872,Sports,2026-01-09
741,34,Male,Bangalore,99285,18,10018,Sports,2026-01-10
742,22,Male,Mumbai,37514,83,13100,Groceries,2026-01-11
743,48,Female,Mumbai,148657,43,20800,Electronics,2026-01-12
744,22,Female,Chennai,141251,35,27910,Furniture,2026-01-13
745,55,Female,Hyderabad,120962,78,30437,Sports,2026-01-14
746,20,Male,Bangalore,56268,58,38588,Sports,2026-01-15
747,40,Female,Hyderabad,110486,33,12001,Electronics,2026-01-16
748,54,Male,Chennai,120424,14,47675,Clothing,2026-01-17
749,54,Male,Mumbai,56788,34,20942,Electronics,2026-01-18
750,27,Male,Hyderabad,95749,61,21862,Electronics,2026-01-19
751,27,Male,Hyderabad,81049,4,12669,Sports,2026-01-20
752,36,Female,Mumbai,82493,88,16916,Furniture,2026-01-21
753,34,Female,Bangalore,56027,59,11878,Electronics,2026-01-22
754,38,Male,Mumbai,113547,29,3985,Clothing,2026-01-23
755,31,Female,Hyderabad,62849,83,33369,Groceries,2026-01-24
756,26,Male,Bangalore,120127,6,9112,Electronics,2026-01-25
757,63,Female,Bangalore,37858,97,42235,Electronics,2026-01-26
758,18,Female,Mumbai,104162,49,19931,Clothing,2026-01-27
759,62,Male,Hyderabad,99003,40,28340,Furniture,2026-01-28
760,30,Female,Chennai,72395,83,1336,Electronics,2026-01-29
761,21,Male,Hyderabad,59758,65,43933,Electronics,2026-01-30
762,18,Female,Delhi,74312,69,20363,Furniture,2026-01-31
763,57,Male,Chennai,88670,27,46536,Clothing,2026-02-01
764,49,Male,Bangalore,136758,80,4968,Electronics,2026-02-02
765,51,Female,Chennai,102279,6,34678,Furniture,2026-02-03
766,45,Female,Bangalore,35434,13,49400,Electronics,2026-02-04
767,48,Male,Bangalore,84047,64,17279,Groceries,2026-02-05
768,25,Female,Chennai,67775,62,4129,Sports,2026-02-06
769,56,Female,Bangalore,95769,99,39215,Groceries,2026-02-07
770,43,Male,Bangalore,134682,19,39897,Electronics,2026-02-08
771,51,Male,Delhi,86677,76,6850,Clothing,2026-02-09
772,20,Female,Hyderabad,103555,80,21588,Sports,2026-02-10
773,29,Male,Hyderabad,148379,43,41214,Groceries,2026-02-11
774,18,Male,Delhi,105920,74,12949,Furniture,2026-02-12
775,61,Male,Chennai,128439,89,9519,Clothing,2026-02-13
776,22,Female,Mumbai,65734,20,27375,Groceries,2026-02-14
777,47,Female,Mumbai,121665,95,34082,Furniture,2026-02-15
778,47,Male,Mumbai,108503,68,12737,Electronics,2026-02-16
779,34,Female,Delhi,60603,44,2134,Furniture,2026-02-17
780,64,Male,Delhi,96708,23,11938,Groceries,2026-02-18
781,40,Female,Bangalore,101926,2,25486,Groceries,2026-02-19
782,32,Male,Mumbai,88803,22,49356,Electronics,2026-02-20
783,54,Male,Chennai,59332,57,27096,Furniture,2026-02-21
784,38,Female,Chennai,111703,72,42115,Furniture,2026-02-22
785,31,Male,Mumbai,41312,7,6592,Electronics,2026-02-23
786,19,Female,Mumbai,113376,78,19108,Furniture,2026-02-24
787,28,Female,Mumbai,104526,56,18270,Electronics,2026-02-25
788,56,Male,Delhi,64179,67,28649,Clothing,2026-02-26
789,55,Male,Delhi,91442,16,11997,Groceries,2026-02-27
790,51,Female,Delhi,134332,83,34489,Clothing,2026-02-28
791,55,Male,Hyderabad,137961,51,10104,Sports,2026-03-01
792,51,Male,Chennai,60379,82,1870,Sports,2026-03-02
793,35,Male,Chennai,37297,80,29684,Sports,2026-03-03
794,47,Male,Bangalore,22011,72,40519,Electronics,2026-03-04
795,32,Male,Delhi,136130,97,35524,Furniture,2026-03-05
796,44,Female,Hyderabad,140234,12,31957,Clothing,2026-03-06
797,51,Female,Hyderabad,64014,53,34885,Clothing,2026-03-07
798,55,Male,Chennai,132094,75,45369,Clothing,2026-03-08
799,50,Male,Delhi,31738,5,36596,Clothing,2026-03-09
800,41,Male,Bangalore,114333,27,30866,Sports,2026-03-10
801,32,Female,Delhi,67498,12,31676,Clothing,2026-03-11
802,47,Male,Mumbai,147792,17,48764,Furniture,2026-03-12
803,59,Female,Delhi,31120,6,14878,Sports,2026-03-13
804,34,Female,Mumbai,136517,97,40760,Clothing,2026-03-14
805,22,Female,Mumbai,28767,5,28559,Electronics,2026-03-15
806,46,Male,Bangalore,42852,57,47546,Groceries,2026-03-16
807,21,Female,Chennai,99239,28,7771,Groceries,2026-03-17
808,27,Male,Delhi,20929,78,17526,Groceries,2026-03-18
809,34,Female,Mumbai,97487,69,30896,Sports,2026-03-19
810,27,Male,Delhi,138387,59,32923,Clothing,2026-03-20
811,34,Female,Chennai,111575,33,37203,Sports,2026-03-21
812,37,Male,Chennai,146155,62,40390,Furniture,2026-03-22
813,41,Female,Hyderabad,134149,50,13852,Electronics,2026-03-23
814,22,Male,Chennai,115040,19,48574,Electronics,2026-03-24
815,51,Male,Bangalore,37438,86,44391,Groceries,2026-03-25
816,23,Male,Mumbai,68515,69,2848,Groceries,2026-03-26
817,19,Male,Hyderabad,25744,66,32027,Groceries,2026-03-27
818,30,Female,Bangalore,103820,94,36464,Clothing,2026-03-28
819,60,Female,Delhi,62417,47,35485,Furniture,2026-03-29
820,60,Male,Mumbai,125284,39,20456,Furniture,2026-03-30
821,28,Female,Chennai,27069,68,10259,Furniture,2026-03-31
822,64,Male,Mumbai,62359,33,36554,Furniture,2026-04-01
823,40,Male,Delhi,39799,13,47922,Groceries,2026-04-02
824,33,Female,Hyderabad,118746,84,14409,Electronics,2026-04-03
825,48,Male,Hyderabad,113762,54,4791,Groceries,2026-04-04
826,28,Male,Hyderabad,140906,7,26864,Furniture,2026-04-05
827,33,Female,Chennai,90188,79,37639,Groceries,2026-04-06
828,25,Male,Bangalore,109859,87,35574,Furniture,2026-04-07
829,21,Male,Bangalore,142521,14,18888,Sports,2026-04-08
830,57,Male,Mumbai,127674,87,20692,Electronics,2026-04-09
831,21,Male,Chennai,27597,19,24501,Sports,2026-04-10
832,42,Female,Hyderabad,67093,54,14304,Clothing,2026-04-11
833,20,Female,Hyderabad,57226,93,28527,Groceries,2026-04-12
834,49,Female,Delhi,92127,20,19074,Clothing,2026-04-13
835,20,Male,Delhi,134650,29,16549,Groceries,2026-04-14
836,44,Male,Hyderabad,111369,24,30963,Sports,2026-04-15
837,46,Female,Hyderabad,97362,82,26920,Furniture,2026-04-16
838,49,Male,Chennai,46417,63,31826,Furniture,2026-04-17
839,36,Male,Bangalore,38693,74,37071,Groceries,2026-04-18
840,38,Male,Delhi,99674,57,17061,Furniture,2026-04-19
841,22,Male,Bangalore,140956,8,29810,Sports,2026-04-20
842,35,Female,Chennai,135598,90,48966,Furniture,2026-04-21
843,45,Female,Hyderabad,139028,62,23800,Sports,2026-04-22
844,59,Female,Bangalore,147517,29,44423,Clothing,2026-04-23
845,39,Male,Hyderabad,73161,74,42692,Sports,2026-04-24
846,38,Female,Hyderabad,141316,17,10940,Electronics,2026-04-25
847,23,Female,Mumbai,22169,66,4924,Electronics,2026-04-26
848,18,Male,Bangalore,104092,6,29054,Electronics,2026-04-27
849,22,Male,Bangalore,42052,58,10783,Groceries,2026-04-28
850,58,Female,Hyderabad,91849,69,38253,Groceries,2026-04-29
851,29,Female,Chennai,93851,28,46397,Groceries,2026-04-30
852,43,Female,Mumbai,28036,62,14233,Sports,2026-05-01
853,63,Female,Hyderabad,51778,41,46669,Groceries,2026-05-02
854,51,Male,Delhi,47734,69,25484,Clothing,2026-05-03
855,31,Female,Delhi,43173,82,26068,Electronics,2026-05-04
856,43,Female,Mumbai,50403,90,1191,Sports,2026-05-05
857,62,Male,Chennai,86321,84,26074,Electronics,2026-05-06
858,44,Female,Hyderabad,91675,41,5917,Groceries,2026-05-07
859,26,Male,Bangalore,26344,49,39599,Sports,2026-05-08
860,43,Male,Mumbai,38800,91,26832,Furniture,2026-05-09
861,64,Male,Chennai,45372,49,43928,Clothing,2026-05-10
862,39,Female,Bangalore,81516,76,21706,Groceries,2026-05-11
863,64,Female,Delhi,40538,71,14682,Groceries,2026-05-12
864,47,Male,Delhi,83918,3,27762,Clothing,2026-05-13
865,60,Female,Bangalore,34973,10,24383,Clothing,2026-05-14
866,34,Female,Mumbai,91155,98,28796,Furniture,2026-05-15
867,43,Male,Delhi,120240,89,24666,Groceries,2026-05-16
868,53,Male,Hyderabad,79500,35,26662,Groceries,2026-05-17
869,18,Female,Bangalore,56575,80,46159,Electronics,2026-05-18
870,25,Male,Bangalore,125455,2,35642,Sports,2026-05-19
871,52,Female,Delhi,62261,24,42830,Sports,2026-05-20
872,32,Female,Mumbai,130659,74,38531,Electronics,2026-05-21
873,64,Female,Hyderabad,47716,38,11234,Sports,2026-05-22
874,39,Female,Mumbai,23236,22,10221,Clothing,2026-05-23
875,31,Male,Chennai,35848,26,12410,Sports,2026-05-24
876,43,Male,Chennai,22352,43,15519,Sports,2026-05-25
877,45,Male,Delhi,21932,55,2051,Electronics,2026-05-26
878,40,Male,Delhi,96449,39,45993,Furniture,2026-05-27
879,31,Female,Delhi,28556,91,10765,Sports,2026-05-28
880,41,Female,Chennai,106836,29,12382,Sports,2026-05-29
881,19,Male,Mumbai,25498,20,13580,Furniture,2026-05-30
882,62,Female,Mumbai,96118,91,33323,Electronics,2026-05-31
883,43,Female,Delhi,70098,41,45757,Furniture,2026-06-01
884,31,Female,Hyderabad,84386,54,12939,Electronics,2026-06-02
885,24,Male,Mumbai,132169,20,30964,Clothing,2026-06-03
886,20,Male,Chennai,29569,19,1307,Electronics,2026-06-04
887,64,Male,Bangalore,136127,84,4359,Clothing,2026-06-05
888,40,Female,Bangalore,146060,99,30648,Clothing,2026-06-06
889,63,Male,Bangalore,76882,66,36944,Electronics,2026-06-07
890,60,Male,Hyderabad,90393,30,35019,Groceries,2026-06-08
891,64,Male,Delhi,20340,53,39134,Electronics,2026-06-09
892,62,Male,Chennai,63949,34,28323,Sports,2026-06-10
893,35,Male,Hyderabad,102302,22,7226,Sports,2026-06-11
894,55,Male,Chennai,82443,67,22689,Groceries,2026-06-12
895,52,Female,Chennai,111668,6,31971,Clothing,2026-06-13
896,32,Female,Delhi,94027,79,26954,Groceries,2026-06-14
897,42,Male,Bangalore,20138,27,25423,Sports,2026-06-15
898,54,Male,Delhi,20358,10,31391,Groceries,2026-06-16
899,45,Female,Hyderabad,139619,73,15330,Electronics,2026-06-17
900,27,Female,Hyderabad,95250,97,5891,Groceries,2026-06-18
901,56,Male,Hyderabad,105376,96,5992,Clothing,2026-06-19
902,34,Male,Delhi,119931,48,2961,Electronics,2026-06-20
903,56,Male,Chennai,50654,70,13497,Furniture,2026-06-21
904,39,Male,Chennai,45879,59,33551,Sports,2026-06-22
905,43,Female,Mumbai,101532,100,11848,Sports,2026-06-23
906,61,Male,Hyderabad,75778,59,14255,Groceries,2026-06-24
907,42,Male,Chennai,57772,2,5567,Electronics,2026-06-25
908,34,Male,Mumbai,78478,29,49847,Furniture,2026-06-26
909,30,Male,Chennai,84353,68,40281,Electronics,2026-06-27
910,37,Female,Hyderabad,46762,65,49003,Sports,2026-06-28
911,42,Female,Bangalore,33283,83,21389,Electronics,2026-06-29
912,21,Female,Hyderabad,83922,26,45523,Furniture,2026-06-30
913,27,Male,Delhi,59420,89,44919,Groceries,2026-07-01
914,20,Male,Chennai,75568,10,17567,Clothing,2026-07-02
915,58,Female,Chennai,105090,53,4358,Electronics,2026-07-03
916,62,Male,Delhi,40219,79,23999,Clothing,2026-07-04
917,35,Male,Delhi,77169,59,43358,Sports,2026-07-05
918,64,Female,Bangalore,120455,22,11988,Groceries,2026-07-06
919,53,Female,Chennai,94965,51,41446,Groceries,2026-07-07
920,64,Female,Chennai,66840,48,32521,Electronics,2026-07-08
921,39,Female,Bangalore,64695,21,6698,Groceries,2026-07-09
922,51,Male,Mumbai,125209,22,2273,Electronics,2026-07-10
923,64,Male,Bangalore,104754,100,28543,Electronics,2026-07-11
924,25,Female,Hyderabad,97988,98,32349,Clothing,2026-07-12
925,57,Male,Chennai,78342,30,12241,Groceries,2026-07-13
926,61,Female,Delhi,134516,25,10497,Electronics,2026-07-14
927,36,Female,Hyderabad,38951,28,42875,Clothing,2026-07-15
928,59,Male,Chennai,21307,65,33703,Furniture,2026-07-16
929,58,Female,Bangalore,100388,45,45041,Clothing,2026-07-17
930,54,Male,Hyderabad,110768,68,32954,Clothing,2026-07-18
931,23,Male,Chennai,55428,7,9002,Electronics,2026-07-19
932,43,Male,Mumbai,128707,49,5247,Sports,2026-07-20
933,51,Male,Mumbai,112021,9,42988,Sports,2026-07-21
934,62,Female,Delhi,138418,36,22698,Sports,2026-07-22
935,23,Male,Chennai,95774,83,20738,Clothing,2026-07-23
936,54,Female,Mumbai,58975,1,11703,Electronics,2026-07-24
937,50,Female,Bangalore,137850,10,49240,Groceries,2026-07-25
938,39,Female,Chennai,21140,36,18570,Clothing,2026-07-26
939,38,Female,Bangalore,148865,73,13392,Clothing,2026-07-27
940,23,Male,Bangalore,44842,46,45724,Electronics,2026-07-28
941,23,Male,Mumbai,46421,32,33299,Furniture,2026-07-29
942,21,Female,Chennai,21708,32,16641,Clothing,2026-07-30
943,47,Female,Hyderabad,23630,6,14998,Furniture,2026-07-31
944,28,Male,Mumbai,39595,48,7305,Furniture,2026-08-01
945,47,Female,Mumbai,96021,38,33726,Sports,2026-08-02
946,48,Male,Chennai,48308,17,19782,Electronics,2026-08-03
947,41,Female,Chennai,64789,74,13721,Furniture,2026-08-04
948,26,Male,Bangalore,75690,27,40763,Electronics,2026-08-05
949,20,Female,Chennai,46086,54,13427,Sports,2026-08-06
950,48,Female,Bangalore,36859,50,47550,Electronics,2026-08-07
951,57,Male,Mumbai,27684,35,21566,Clothing,2026-08-08
952,54,Female,Delhi,111088,85,3230,Furniture,2026-08-09
953,53,Female,Hyderabad,21207,25,7511,Electronics,2026-08-10
954,41,Male,Mumbai,66099,28,43229,Groceries,2026-08-11
955,48,Female,Chennai,87496,15,27177,Electronics,2026-08-12
956,23,Male,Hyderabad,86093,4,5765,Furniture,2026-08-13
957,19,Male,Delhi,49689,93,21354,Sports,2026-08-14
958,37,Female,Delhi,68651,73,24929,Sports,2026-08-15
959,45,Female,Bangalore,33893,27,29820,Furniture,2026-08-16
960,28,Female,Hyderabad,117808,26,47040,Clothing,2026-08-17
961,21,Female,Bangalore,86418,19,30523,Clothing,2026-08-18
962,32,Female,Mumbai,145074,92,6552,Sports,2026-08-19
963,23,Female,Hyderabad,123065,17,1627,Sports,2026-08-20
964,47,Female,Mumbai,80011,43,12989,Furniture,2026-08-21
965,55,Male,Bangalore,58635,41,14780,Clothing,2026-08-22
966,19,Female,Hyderabad,76115,42,7589,Sports,2026-08-23
967,32,Male,Bangalore,115071,50,35812,Clothing,2026-08-24
968,28,Female,Hyderabad,98405,84,29128,Sports,2026-08-25
969,25,Female,Bangalore,92702,40,46939,Electronics,2026-08-26
970,43,Male,Delhi,98518,39,39652,Groceries,2026-08-27
971,62,Female,Bangalore,126233,23,28790,Electronics,2026-08-28
972,61,Female,Delhi,123651,96,41953,Sports,2026-08-29
973,22,Male,Bangalore,92805,52,1249,Groceries,2026-08-30
974,23,Female,Hyderabad,78954,47,20309,Groceries,2026-08-31
975,43,Female,Hyderabad,48064,63,26901,Sports,2026-09-01
976,21,Female,Hyderabad,142813,97,24576,Sports,2026-09-02
977,36,Male,Chennai,99063,69,32508,Clothing,2026-09-03
978,37,Female,Mumbai,22454,43,10175,Sports,2026-09-04
979,50,Female,Hyderabad,40878,48,26464,Furniture,2026-09-05
980,37,Female,Delhi,71098,34,17260,Sports,2026-09-06
981,29,Female,Hyderabad,82154,40,36440,Furniture,2026-09-07
982,64,Male,Chennai,32991,75,30546,Sports,2026-09-08
983,18,Male,Delhi,88344,61,41047,Clothing,2026-09-09
984,43,Female,Chennai,124946,50,42430,Furniture,2026-09-10
985,31,Female,Delhi,56593,67,2987,Electronics,2026-09-11
986,55,Male,Bangalore,56304,62,26105,Furniture,2026-09-12
987,54,Male,Mumbai,50386,58,13948,Clothing,2026-09-13
988,28,Female,Mumbai,75220,33,14026,Furniture,2026-09-14
989,53,Male,Chennai,133613,75,3773,Sports,2026-09-15
990,30,Female,Mumbai,89338,16,46927,Sports,2026-09-16
991,60,Male,Chennai,114289,82,10878,Clothing,2026-09-17
992,20,Male,Chennai,41083,94,43946,Groceries,2026-09-18
993,50,Male,Chennai,38354,48,11377,Sports,2026-09-19
994,23,Male,Mumbai,42190,10,8347,Electronics,2026-09-20
995,27,Female,Chennai,26142,82,34776,Clothing,2026-09-21
996,22,Male,Mumbai,48398,38,4783,Furniture,2026-09-22
997,40,Male,Chennai,71971,19,5298,Furniture,2026-09-23
998,27,Female,Hyderabad,61862,36,5668,Electronics,2026-09-24
999,61,Male,Chennai,118668,59,21671,Sports,2026-09-25
1000,19,Male,Delhi,73410,63,35820,Clothing,2026-09-26
